{
  "baseline": {
    "psnr": 17.875751572686273,
    "ssim": 0.44233360423071827,
    "psnr_ndvi": 23.335960906055156,
    "ssim_ndvi": 0.6674589870466829
  },
  "sam": {
    "psnr": 23.67577094000739,
    "ssim": 0.4880693723711335,
    "psnr_ndvi": 24.830369994729274,
    "ssim_ndvi": 0.6424027393965137
  },
  "n": 74
}