{
  "sam_variant": "r8_mse_l1_edge_ndvi_grad_epoch_002",
  "baseline": {
    "psnr": 17.875751572686273,
    "ssim": 0.44233360423071827,
    "psnr_ndvi": 23.335960906055156,
    "ssim_ndvi": 0.6674589870466829
  },
  "sam": {
    "psnr": 24.100990176124593,
    "ssim": 0.4666577996704696,
    "psnr_ndvi": 25.4722031367498,
    "ssim_ndvi": 0.690530981747249
  },
  "n": 74
}