{
  "image": "/Users/lindawandjilando/Desktop/campo.png",
  "click_xy": [
    1184,
    1206
  ],
  "sam_score": 0.8307639956474304,
  "stats": {
    "count": 184852,
    "mean": -0.23816607892513275,
    "min": -0.5906057357788086,
    "max": 0.8485048413276672,
    "std": 0.2003909945487976
  }
}